[
  {
    "title": "Marmaris Pearls",
    "city": "Turkey",
    "address": "Somewhere in Turkey",
    "distance": 300,
    "price": 99,
    "maxGroupSize": 10,
    "desc": "Marmaris is one of the pearls of the Turkish Riviera. Surrounded by mountains, pine forests and turquoise waters made for swimming, Marmaris is a popular destination for holidaymakers looking for relaxation, dining, bars and nightclubs. It's the perfect destination for partying and lounging on the beaches",
    "reviews": [],
    "photo": "/tour-images/tour-img01.jpg",
    "featured": true
  },
  {
    "title": "Bodrum",
    "city": "Turkey",
    "address": "Somewhere in Turkey",
    "distance": 400,
    "price": 99,
    "maxGroupSize": 8,
    "desc": "Located in the south-west of Turkey, bordered by the Aegean Sea, Bodrum is a perfect destination for beach lovers, gastronomy, scuba diving and wine. This incredible city, dedicated to relaxation and leisure, is also called the Turkish Saint-Tropez.",
    "reviews": [],
    "photo": "/tour-images/tour-img02.jpg",
    "featured": true
  },
  {
    "title": "Burj Khalifa",
    "city": "Dubai",
    "address": "Somewhere in Dubai",
    "distance": 500,
    "price": 99,
    "maxGroupSize": 8,
    "desc": "Piercing the clouds at a towering 830 meters (2723 feet) high – almost triple the size of the Eiffel Tower in Paris – the iconic and foreboding Burj Khalifa stands not only as the most famous Dubai landmark, but the tallest building in the world.",
    "reviews": [],
    "photo": "/tour-images/tour-img03.jpg",
    "featured": true
  },
  {
    "title": "Palm Jumeirah",
    "city": "Dubai",
    "address": "Somewhere in Dubai",
    "distance": 500,
    "price": 99,
    "maxGroupSize": 8,
    "desc": "Remarkable both for its size and its distinctive shape, the Palm Jumeirah is one of Dubai’s most famous artificial islands and a major tourist attraction in its own right.",
    "reviews": [],
    "photo": "/tour-images/tour-img04.jpg",
    "featured": true
  },
  {
    "title": "Manali",
    "city": "HimachalPradesh",
    "address": "Somewhere in India",
    "distance": 500,
    "price": 99,
    "maxGroupSize": 8,
    "desc": "With spectacular valleys, breathtaking views, snowcapped mountains, and lush forests of oak, deodar, and pine, Manali is a magical hill station at the northern end of Kullu valley in Himachal Pradesh.",
    "reviews": [],
    "photo": "/tour-images/tour-img05.jpg",
    "featured": true
  },
  {
    "title": "Lakshadweep Island",
    "city": "India",
    "address": "Somewhere in India",
    "distance": 500,
    "price": 99,
    "maxGroupSize": 8,
    "desc": "Formerly known as Laccadive Islands, Lakshadweep translates to 'one hundred thousand islands' in Malayalam. Home to a few of the most beautiful and exotic islands and beaches of India, Lakshadweep lies 400km off the southwest coast of the Arabian Sea",
    "reviews": [],
    "photo": "/tour-images/tour-img06.jpg",
    "featured": true
  },
  {
    "title": "Udaipur, City of Lakes",
    "city": "Rajasthan",
    "address": "Somewhere in India",
    "distance": 500,
    "price": 99,
    "maxGroupSize": 8,
    "desc": "this is the description",
    "reviews": [],
    "photo": "/tour-images/tour-img07.jpg",
    "featured": true
  },
  
  {
    "title": "Mussoorie",
    "city": "Delhi",
    "address": "Somewhere in India",
    "distance": 100,
    "price": 99,
    "maxGroupSize": 5,
    "desc": "Mussoorie is one of the most popular hill stations located at a distance of 290 km from Delhi in the Dehradun district of Uttarakhand.",
    "reviews": [],
    "photo": "/tour-images/tour-img08.jpg",
    "featured": false
  },
  {
    "title": "Ooty, Nilgiri Hills",
    "city": "Tamil Nadu",
    "address": "Somewhere in India",
    "distance": 500,
    "price": 99,
    "maxGroupSize": 8,
    "desc": "Nestled amidst Nilgiri hills, Ooty, also known as Udagamandalam, is a hill station in Tamil Nadu which serves as a top-rated tourist destination.",
    "reviews": [],
    "photo": "/tour-images/tour-img09.jpg",
    "featured": false
  }
  
]
